context_id,thread_id,pre_post_A,pre_post_B,interactive
0,0,page6-181,page6-173,page6-179
0,1,page1-79,page5-155,page9-31
0,2,page2-65,page2-72,page7-76
0,3,page7-102,page4-25,page2-49
0,4,page5-123,page9-7,page5-106
0,5,page7-23,page8-213,page7-132
0,6,page4-194,page7-246,page2-113
0,7,page1-63,page4-13,page3-201
0,8,page3-37,page9-23,page1-73
0,9,page7-148,page7-148,page7-148
1,0,page6-179,page6-173,page6-181
1,1,page4-11,page-D,page3-198
1,2,page8-240,page3-92,page1-25
1,3,page1-10,page7-244,page6-143
1,4,page8-166,page6-24,page8-164
1,5,page8-68,page5-177,page5-184
1,6,page1-75,page1-156,page5-135
1,7,page1-36,page6-239,page7-147
1,8,page4-157,page4-214,page7-191
1,9,page9-38,page9-38,page9-38
2,0,page5-81,page5-87,page4-92
2,1,page5-96,page5-85,page5-80
2,2,page8-2,page8-63,page8-65
2,3,page5-193,page7-45,page4-232
2,4,page2-49,page5-172,page4-25
2,5,page4-118,page6-16,page2-112
2,6,page9-11,page8-8,page8-180
2,7,page4-157,page6-149,page3-120
2,8,page7-17,page3-124,page2-166
2,9,page7-10,page7-10,page7-10
3,0,page4-92,page5-87,page5-81
3,1,page4-238,page6-202,page4-237
3,2,page1-5,page1-38,page5-193
3,3,page8-30,page7-76,page2-64
3,4,page2-79,page8-85,page7-106
3,5,page4-140,page4-128,page2-189
3,6,page7-246,page6-60,page3-168
3,7,page3-67,page7-47,page2-191
3,8,page6-201,page1-162,page6-245
3,9,page7-244,page7-244,page7-244
4,0,page1-148,page6-9,page5-122
4,1,page3-60,page1-76,page1-186
4,2,page5-57,page5-56,page8-222
4,3,page1-112,page6-202,page3-38
4,4,page3-156,page7-197,page4-135
4,5,page6-124,page7-71,page2-26
4,6,page6-165,page7-58,page8-199
4,7,page1-63,page1-55,page6-113
4,8,page2-157,page6-207,page4-229
4,9,page9-36,page9-36,page9-36
5,0,page7-15,page5-57,page5-58
5,1,page1-183,page9-31,page1-79
5,2,page8-41,page7-198,page8-43
5,3,page5-84,page7-230,page6-117
5,4,page6-192,page6-172,page6-176
5,5,page7-146,page4-20,page4-15
5,6,page4-177,page5-229,page8-129
5,7,page7-125,page5-6,page5-235
5,8,page7-241,page3-45,page6-162
5,9,page7-69,page7-69,page7-69
6,0,page5-122,page2-39,page1-148
6,1,page6-196,page6-172,page6-192
6,2,page4-16,page8-143,page8-58
6,3,page6-23,page4-79,page8-148
6,4,page1-110,page5-151,page7-32
6,5,page9-40,page2-188,page1-72
6,6,page6-106,page5-57,page9-46
6,7,page9-14,page1-129,page4-93
6,8,page7-241,page3-45,page6-162
6,9,page7-198,page7-198,page7-198
7,0,page3-207,page6-171,page4-16
7,1,page4-96,page1-178,page4-97
7,2,page3-8,page1-76,page4-249
7,3,page7-172,page6-117,page6-52
7,4,page3-41,page6-124,page7-161
7,5,page1-42,page7-216,page1-82
7,6,page6-243,page3-52,page3-110
7,7,page6-50,page6-96,page7-251
7,8,page1-85,page7-185,page7-234
7,9,page3-198,page3-198,page3-198
8,0,page5-58,page5-56,page7-15
8,1,page2-59,page1-88,page2-174
8,2,page5-134,page3-8,page5-168
8,3,page5-71,page2-170,page5-145
8,4,page4-108,page3-20,page7-195
8,5,page7-8,page6-34,page3-26
8,6,page1-132,page5-128,page3-187
8,7,page4-166,page7-126,page5-239
8,8,page9-15,page7-17,page8-156
8,9,page1-14,page1-14,page1-14
9,0,page5-122,page2-39,page1-148
9,1,page3-34,page1-118,page1-114
9,2,page7-194,page1-52,page1-88
9,3,page1-133,page5-248,page6-122
9,4,page9-40,page2-188,page3-167
9,5,page2-156,page6-234,page7-226
9,6,page2-4,page5-157,page5-40
9,7,page4-212,page2-24,page7-252
9,8,page3-37,page9-23,page1-73
9,9,page5-89,page5-89,page5-89
10,0,page3-71,page5-60,page3-95
10,1,page4-16,page6-172,page6-171
10,2,page8-2,page7-39,page8-204
10,3,page3-17,page3-12,page1-26
10,4,page5-247,page8-152,page5-213
10,5,page2-4,page2-61,page1-31
10,6,page7-132,page9-12,page4-185
10,7,page4-194,page3-153,page4-204
10,8,page5-89,page7-70,page7-79
10,9,page5-74,page5-74,page5-74
11,0,page1-90,page2-131,page2-157
11,1,page4-239,page5-33,page3-56
11,2,page2-172,page4-212,page4-203
11,3,page1-69,page9-42,page1-66
11,4,page7-201,page5-104,page6-159
11,5,page2-156,page6-234,page7-226
11,6,page6-165,page7-58,page8-199
11,7,page9-20,page3-135,page2-48
11,8,page3-122,page5-220,page3-193
11,9,page5-63,page5-63,page5-63
12,0,page7-15,page5-57,page5-58
12,1,page3-198,page7-86,page4-11
12,2,page2-156,page5-28,page3-40
12,3,page6-105,page3-121,page5-198
12,4,page2-21,page7-10,page2-20
12,5,page4-233,page1-113,page7-166
12,6,page7-23,page1-162,page4-176
12,7,page7-107,page7-133,page7-109
12,8,page1-5,page7-85,page6-198
12,9,page1-16,page1-16,page1-16
13,0,page5-134,page3-8,page1-125
13,1,page4-96,page1-178,page4-97
13,2,page1-5,page1-38,page5-193
13,3,page9-7,page5-106,page5-123
13,4,page6-211,page3-7,page7-179
13,5,page4-16,page3-207,page8-210
13,6,page4-30,page4-59,page2-152
13,7,page6-202,page5-99,page3-189
13,8,page1-85,page7-185,page7-234
13,9,page4-103,page4-103,page4-103
14,0,page4-177,page7-236,page2-155
14,1,page2-174,page1-52,page2-59
14,2,page4-16,page8-143,page8-58
14,3,page8-11,page8-236,page5-75
14,4,page5-215,page3-129,page6-6
14,5,page1-171,page2-37,page5-31
14,6,page7-194,page8-72,page8-202
14,7,page3-29,page5-63,page3-123
14,8,page4-157,page4-214,page7-191
14,9,page7-216,page7-216,page7-216
15,0,page1-148,page6-9,page5-122
15,1,page1-122,page9-32,page4-247
15,2,page8-246,page6-94,page8-63
15,3,page4-89,page6-172,page4-19
15,4,page5-60,page5-57,page5-68
15,5,page2-37,page6-100,page7-44
15,6,page9-11,page8-8,page8-180
15,7,page1-63,page1-55,page6-113
15,8,page2-166,page9-13,page7-17
15,9,page4-157,page4-157,page4-157
16,0,page5-122,page2-39,page1-148
16,1,page8-192,page5-86,page5-84
16,2,page1-118,page1-66,page1-113
16,3,page7-172,page6-117,page6-52
16,4,page4-180,page7-88,page2-24
16,5,page5-105,page4-203,page4-127
16,6,page9-22,page8-164,page6-24
16,7,page7-33,page6-75,page6-205
16,8,page8-184,page7-205,page7-36
16,9,page5-143,page5-143,page5-143
17,0,page7-15,page5-57,page5-58
17,1,page7-96,page1-49,page7-105
17,2,page7-24,page4-242,page1-129
17,3,page8-18,page7-188,page8-236
17,4,page2-156,page5-151,page2-159
17,5,page2-105,page1-125,page2-103
17,6,page7-40,page8-8,page8-216
17,7,page1-69,page1-133,page4-150
17,8,page2-145,page6-164,page6-92
17,9,page3-187,page3-187,page3-187
18,0,page1-125,page3-8,page5-134
18,1,page7-39,page7-35,page7-41
18,2,page9-31,page1-79,page5-155
18,3,page2-134,page7-209,page5-37
18,4,page8-204,page7-34,page5-89
18,5,page7-146,page4-20,page4-15
18,6,page1-38,page5-217,page1-59
18,7,page4-135,page7-197,page7-92
18,8,page3-122,page5-220,page3-193
18,9,page1-116,page1-116,page1-116
19,0,page7-15,page5-57,page5-58
19,1,page5-96,page5-85,page5-80
19,2,page1-162,page5-128,page6-168
19,3,page9-20,page8-165,page8-169
19,4,page1-157,page6-13,page3-24
19,5,page3-188,page2-61,page1-22
19,6,page3-130,page5-165,page7-59
19,7,page1-147,page1-51,page3-99
19,8,page3-122,page5-220,page3-193
19,9,page2-112,page2-112,page2-112
20,0,page6-181,page6-173,page6-179
20,1,page8-234,page4-247,page1-168
20,2,page7-34,page6-86,page8-235
20,3,page8-215,page3-43,page4-220
20,4,page8-166,page7-103,page9-17
20,5,page1-6,page5-132,page5-210
20,6,page7-201,page6-50,page5-101
20,7,page6-216,page5-0,page3-23
20,8,page2-166,page9-13,page7-17
20,9,page5-184,page5-184,page5-184
21,0,page6-179,page6-173,page6-181
21,1,page4-11,page-D,page3-198
21,2,page5-96,page5-80,page5-85
21,3,page3-56,page4-239,page5-33
21,4,page8-157,page9-15,page2-176
21,5,page3-167,page1-72,page2-188
21,6,page5-81,page4-92,page8-198
21,7,page1-167,page1-148,page9-25
21,8,page4-157,page4-214,page7-191
21,9,page4-97,page4-97,page4-97
22,0,page5-81,page5-87,page4-92
22,1,page7-96,page1-49,page7-105
22,2,page7-156,page1-172,page7-181
22,3,page4-11,page8-56,page4-34
22,4,page4-47,page2-148,page2-71
22,5,page5-64,page5-155,page5-65
22,6,page4-183,page3-73,page4-190
22,7,page9-14,page1-129,page4-93
22,8,page3-193,page2-21,page5-220
22,9,page8-221,page8-221,page8-221
23,0,page4-92,page5-87,page5-81
23,1,page4-238,page6-202,page4-237
23,2,page8-204,page8-65,page8-2
23,3,page8-46,page1-13,page2-86
23,4,page3-157,page3-41,page7-85
23,5,page5-185,page1-116,page7-180
23,6,page1-182,page1-149,page5-136
23,7,page3-168,page4-147,page3-57
23,8,page4-157,page4-214,page7-191
23,9,page6-240,page6-240,page6-240
24,0,page6-181,page6-173,page6-179
24,1,page5-134,page4-249,page3-8
24,2,page6-38,page7-229,page7-102
24,3,page8-46,page1-13,page2-86
24,4,page8-165,page7-135,page7-40
24,5,page2-37,page6-100,page7-44
24,6,page2-164,page4-230,page6-31
24,7,page6-50,page5-142,page8-118
24,8,page3-37,page9-23,page1-73
24,9,page6-141,page6-141,page6-141
25,0,page6-179,page6-173,page6-181
25,1,page4-11,page7-224,page7-86
25,2,page1-110,page1-70,page1-65
25,3,page7-172,page6-117,page6-52
25,4,page8-152,page4-16,page6-28
25,5,page2-37,page6-100,page7-44
25,6,page7-186,page6-163,page7-184
25,7,page6-50,page5-142,page8-118
25,8,page3-122,page5-220,page3-193
25,9,page-F,page-F,page-F
26,0,page5-81,page5-87,page4-92
26,1,page3-47,page7-28,page7-58
26,2,page3-101,page1-79,page3-3
26,3,page3-50,page8-195,page2-168
26,4,page5-152,page1-70,page5-138
26,5,page7-73,page6-160,page6-123
26,6,page8-180,page7-40,page9-11
26,7,page6-21,page6-234,page6-72
26,8,page5-89,page7-70,page7-79
26,9,page8-184,page8-184,page8-184
27,0,page4-92,page5-87,page5-81
27,1,page8-160,page9-20,page9-16
27,2,page7-102,page7-229,page6-38
27,3,page8-63,page6-96,page6-94
27,4,page6-83,page2-158,page8-239
27,5,page6-73,page1-130,page6-240
27,6,page4-185,page7-125,page7-69
27,7,page6-163,page8-157,page6-219
27,8,page3-122,page5-220,page3-193
27,9,page5-63,page5-63,page5-63
28,0,page1-103,page1-66,page1-69
28,1,page4-16,page6-172,page6-171
28,2,page4-162,page4-247,page7-236
28,3,page4-83,page4-24,page2-150
28,4,page2-79,page8-85,page7-106
28,5,page6-202,page6-50,page1-63
28,6,page1-157,page3-56,page5-157
28,7,page1-147,page1-51,page3-99
28,8,page1-5,page7-85,page6-198
28,9,page4-202,page4-202,page4-202
29,0,page3-207,page6-171,page4-16
29,1,page5-80,page5-85,page5-96
29,2,page5-244,page5-207,page7-122
29,3,page7-230,page6-117,page1-13
29,4,page4-214,page6-167,page4-202
29,5,page2-74,page2-67,page8-142
29,6,page2-182,page7-247,page5-182
29,7,page6-97,page5-151,page6-226
29,8,page1-5,page7-85,page6-198
29,9,page5-235,page5-235,page5-235
30,0,page4-177,page7-236,page2-155
30,1,page3-203,page3-199,page4-3
30,2,page3-8,page1-76,page4-249
30,3,page8-46,page1-13,page2-86
30,4,page1-79,page9-31,page5-187
30,5,page7-108,page4-241,page5-179
30,6,page5-210,page6-9,page5-132
30,7,page7-33,page6-75,page6-205
30,8,page7-46,page6-52,page9-34
30,9,page6-160,page6-160,page6-160
31,0,page4-177,page7-236,page2-155
31,1,page4-11,page-D,page3-198
31,2,page7-24,page4-242,page1-129
31,3,page3-17,page3-12,page1-26
31,4,page4-217,page2-16,page4-148
31,5,page3-50,page6-106,page7-20
31,6,page3-69,page5-144,page6-199
31,7,page8-158,page4-93,page9-14
31,8,page2-173,page3-70,page2-133
31,9,page6-124,page6-124,page6-124
32,0,page3-207,page6-171,page4-16
32,1,page4-11,page7-224,page7-86
32,2,page1-168,page4-247,page2-34
32,3,page7-145,page7-106,page2-79
32,4,page7-40,page8-165,page7-135
32,5,page3-43,page1-52,page7-167
32,6,page2-141,page5-73,page4-60
32,7,page4-166,page7-126,page5-239
32,8,page2-166,page9-13,page7-17
32,9,page8-199,page8-199,page8-199
33,0,page5-134,page3-8,page1-125
33,1,page3-198,page7-86,page4-11
33,2,page2-143,page2-163,page6-177
33,3,page3-156,page4-81,page3-141
33,4,page3-136,page3-170,page5-191
33,5,page4-233,page1-113,page7-166
33,6,page7-88,page5-94,page7-30
33,7,page4-194,page4-192,page4-193
33,8,page7-241,page3-45,page6-162
33,9,page5-233,page5-233,page5-233
34,0,page3-207,page6-171,page4-16
34,1,page5-134,page4-249,page3-8
34,2,page3-25,page9-42,page1-150
34,3,page3-165,page3-46,page2-187
34,4,page1-151,page5-11,page5-0
34,5,page4-2,page4-101,page3-206
34,6,page4-30,page4-59,page2-152
34,7,page1-69,page1-133,page4-150
34,8,page6-201,page1-162,page6-245
34,9,page5-174,page5-174,page5-174
35,0,page3-71,page5-60,page3-95
35,1,page6-196,page6-172,page6-192
35,2,page1-110,page1-70,page1-65
35,3,page4-11,page8-56,page4-34
35,4,page5-147,page7-216,page1-77
35,5,page2-105,page1-125,page2-103
35,6,page2-176,page8-157,page9-15
35,7,page6-208,page7-127,page8-22
35,8,page2-166,page9-13,page7-17
35,9,page6-175,page6-175,page6-175
36,0,page7-15,page5-57,page5-58
36,1,page5-87,page1-25,page8-240
36,2,page2-143,page6-177,page5-178
36,3,page1-76,page5-233,page3-166
36,4,page4-56,page4-11,page2-145
36,5,page7-103,page8-181,page1-128
36,6,page3-17,page1-132,page3-45
36,7,page8-217,page9-25,page7-219
36,8,page1-85,page7-185,page7-234
36,9,page7-22,page7-22,page7-22
37,0,page3-207,page6-171,page4-16
37,1,page5-87,page1-25,page8-240
37,2,page6-23,page4-79,page5-246
37,3,page5-198,page2-79,page6-105
37,4,page6-94,page2-39,page5-102
37,5,page7-88,page6-127,page7-29
37,6,page7-59,page6-209,page3-130
37,7,page4-227,page8-204,page6-158
37,8,page2-145,page6-164,page6-92
37,9,page5-135,page5-135,page5-135
38,0,page7-15,page5-57,page5-58
38,1,page3-60,page1-76,page2-54
38,2,page7-181,page6-166,page7-156
38,3,page1-25,page3-31,page1-44
38,4,page1-48,page6-100,page7-84
38,5,page4-237,page7-255,page1-7
38,6,page7-40,page8-8,page8-216
38,7,page4-194,page4-192,page4-193
38,8,page1-5,page7-85,page6-198
38,9,page4-166,page4-166,page4-166
39,0,page1-125,page3-8,page5-134
39,1,page8-192,page5-86,page5-84
39,2,page7-24,page4-242,page1-129
39,3,page7-41,page7-35,page2-181
39,4,page8-166,page7-103,page9-17
39,5,page4-127,page4-213,page5-105
39,6,page1-185,page1-69,page6-224
39,7,page1-147,page1-51,page3-99
39,8,page2-157,page6-207,page4-229
39,9,page7-130,page7-130,page7-130
40,0,page1-125,page3-8,page5-134
40,1,page2-39,page5-95,page4-142
40,2,page5-244,page5-207,page7-122
40,3,page5-74,page5-233,page1-105
40,4,page1-95,page2-32,page2-106
40,5,page7-177,page6-24,page9-22
40,6,page4-194,page7-246,page2-113
40,7,page6-163,page8-157,page6-219
40,8,page4-157,page4-214,page7-191
40,9,page4-165,page4-165,page4-165
41,0,page2-155,page7-236,page4-177
41,1,page8-240,page6-83,page5-87
41,2,page5-193,page1-38,page1-5
41,3,page8-56,page4-16,page6-78
41,4,page4-161,page2-17,page1-96
41,5,page4-73,page7-145,page7-217
41,6,page2-182,page7-247,page5-182
41,7,page3-29,page5-63,page3-123
41,8,page7-17,page3-124,page2-166
41,9,page7-79,page7-79,page7-79
42,0,page7-15,page5-57,page5-58
42,1,page4-11,page7-224,page7-86
42,2,page3-198,page4-47,page-D
42,3,page6-135,page4-110,page2-19
42,4,page3-21,page1-36,page2-100
42,5,page1-171,page2-37,page5-31
42,6,page6-82,page5-165,page6-209
42,7,page8-169,page7-245,page7-97
42,8,page6-201,page1-162,page6-245
42,9,page6-234,page6-234,page6-234
43,0,page2-155,page7-236,page4-177
43,1,page1-79,page9-31,page1-183
43,2,page5-84,page9-32,page5-86
43,3,page1-51,page7-84,page1-48
43,4,page7-157,page6-224,page1-185
43,5,page1-112,page5-36,page1-159
43,6,page7-65,page8-215,page7-55
43,7,page8-169,page7-245,page7-97
43,8,page3-193,page2-21,page5-220
43,9,page6-114,page6-114,page6-114
44,0,page6-155,page6-164,page6-83
44,1,page3-47,page7-28,page7-58
44,2,page4-162,page4-247,page7-236
44,3,page5-74,page5-233,page1-105
44,4,page2-21,page7-10,page2-20
44,5,page7-73,page6-160,page6-123
44,6,page6-135,page1-148,page6-138
44,7,page2-107,page7-26,page8-24
44,8,page3-122,page5-220,page3-193
44,9,page2-137,page2-137,page2-137
45,0,page2-157,page2-131,page1-90
45,1,page5-80,page5-85,page5-96
45,2,page1-88,page8-72,page7-194
45,3,page1-133,page5-248,page6-122
45,4,page4-205,page1-162,page4-189
45,5,page5-86,page8-192,page7-14
45,6,page3-130,page5-165,page7-59
45,7,page6-163,page8-157,page6-219
45,8,page3-122,page5-220,page3-193
45,9,page7-179,page7-179,page7-179
46,0,page3-66,page6-121,page4-156
46,1,page6-196,page6-172,page6-192
46,2,page7-34,page6-86,page8-235
46,3,page6-105,page3-121,page5-198
46,4,page6-6,page7-239,page7-218
46,5,page8-195,page3-95,page7-149
46,6,page8-77,page6-205,page7-33
46,7,page7-219,page5-85,page8-217
46,8,page9-15,page7-17,page8-156
46,9,page6-168,page6-168,page6-168
47,0,page2-157,page2-131,page1-90
47,1,page2-59,page1-88,page2-174
47,2,page7-34,page6-86,page8-235
47,3,page8-18,page7-188,page8-236
47,4,page3-129,page5-215,page8-207
47,5,page7-133,page7-71,page5-121
47,6,page2-182,page7-247,page5-182
47,7,page1-0,page4-150,page5-18
47,8,page4-157,page4-214,page7-191
47,9,page2-90,page2-90,page2-90
48,0,page3-71,page5-60,page3-95
48,1,page4-238,page6-202,page4-237
48,2,page2-72,page7-76,page2-65
48,3,page1-10,page7-244,page6-143
48,4,page6-5,page6-181,page3-163
48,5,page5-174,page4-79,page9-30
48,6,page7-201,page6-50,page5-101
48,7,page6-97,page5-151,page6-226
48,8,page4-157,page4-214,page7-191
48,9,page3-66,page3-66,page3-66
49,0,page4-16,page4-89,page3-207
49,1,page8-247,page5-84,page8-249
49,2,page3-198,page4-47,page-D
49,3,page1-105,page1-125,page5-74
49,4,page7-133,page5-60,page3-176
49,5,page5-144,page5-44,page6-150
49,6,page2-146,page3-4,page9-29
49,7,page1-167,page1-148,page9-25
49,8,page3-122,page5-220,page3-193
49,9,page1-83,page1-83,page1-83
50,0,page3-66,page6-121,page4-156
50,1,page4-192,page3-141,page4-194
50,2,page5-246,page4-16,page6-23
50,3,page1-105,page1-125,page5-74
50,4,page5-37,page7-145,page7-209
50,5,page4-233,page1-113,page7-166
50,6,page7-233,page4-214,page3-59
50,7,page6-208,page7-127,page8-22
50,8,page7-17,page3-124,page2-166
50,9,page3-128,page3-128,page3-128
51,0,page5-134,page3-8,page1-125
51,1,page4-247,page4-244,page1-122
51,2,page2-65,page2-72,page7-76
51,3,page6-23,page4-79,page8-148
51,4,page4-56,page4-11,page2-145
51,5,page3-157,page2-170,page6-112
51,6,page8-199,page2-61,page6-165
51,7,page4-214,page6-234,page4-197
51,8,page8-184,page7-205,page7-36
51,9,page3-170,page3-170,page3-170
52,0,page5-122,page2-39,page1-148
52,1,page8-160,page9-20,page9-16
52,2,page7-194,page1-52,page1-88
52,3,page5-71,page2-170,page5-145
52,4,page6-188,page-I,page2-67
52,5,page4-142,page5-102,page2-40
52,6,page6-209,page5-81,page6-82
52,7,page3-188,page1-175,page7-169
52,8,page8-184,page7-205,page7-36
52,9,page3-128,page3-128,page3-128
53,0,page5-134,page3-8,page1-125
53,1,page3-60,page1-76,page2-54
53,2,page4-16,page7-122,page5-249
53,3,page7-86,page3-156,page7-224
53,4,page8-166,page7-103,page9-17
53,5,page7-58,page5-153,page3-70
53,6,page7-23,page4-176,page7-13
53,7,page6-208,page7-127,page8-22
53,8,page6-163,page2-88,page8-188
53,9,page3-170,page3-170,page3-170
54,0,page6-83,page6-164,page6-155
54,1,page2-54,page1-76,page3-60
54,2,page7-102,page7-229,page6-38
54,3,page4-47,page4-11,page4-56
54,4,page6-188,page-I,page2-67
54,5,page7-28,page6-142,page1-0
54,6,page4-30,page4-59,page2-152
54,7,page8-158,page4-93,page9-14
54,8,page6-163,page2-88,page8-188
54,9,page4-118,page4-118,page4-118
55,0,page5-58,page5-56,page7-15
55,1,page6-196,page6-172,page6-192
55,2,page1-118,page1-66,page1-113
55,3,page6-23,page4-79,page8-148
55,4,page3-21,page1-36,page2-100
55,5,page7-140,page6-208,page3-191
55,6,page2-26,page2-182,page6-141
55,7,page6-21,page6-234,page6-72
55,8,page7-46,page6-52,page9-34
55,9,page7-52,page7-52,page7-52
56,0,page4-177,page7-236,page2-155
56,1,page8-192,page5-86,page5-84
56,2,page6-124,page6-71,page3-41
56,3,page1-48,page1-30,page1-51
56,4,page5-37,page7-145,page7-209
56,5,page8-43,page8-39,page7-198
56,6,page4-183,page3-73,page4-190
56,7,page4-208,page2-21,page7-18
56,8,page3-122,page5-220,page3-193
56,9,page5-40,page5-40,page5-40
57,0,page3-207,page6-171,page4-16
57,1,page5-59,page7-15,page5-56
57,2,page1-76,page5-168,page1-57
57,3,page8-18,page7-188,page8-236
57,4,page3-42,page5-68,page5-27
57,5,page4-89,page8-148,page9-13
57,6,page8-246,page7-14,page6-75
57,7,page6-204,page6-165,page4-164
57,8,page3-122,page5-220,page3-193
57,9,page1-75,page1-75,page1-75
58,0,page6-83,page6-164,page6-155
58,1,page3-198,page7-86,page4-11
58,2,page1-162,page5-128,page6-168
58,3,page1-110,page3-139,page1-29
58,4,page5-145,page2-24,page2-170
58,5,page7-4,page6-149,page5-139
58,6,page4-185,page7-125,page7-69
58,7,page4-194,page3-153,page4-204
58,8,page7-46,page6-52,page9-34
58,9,page4-81,page4-81,page4-81
59,0,page3-66,page6-121,page4-156
59,1,page4-237,page6-202,page4-238
59,2,page3-40,page2-156,page5-28
59,3,page7-102,page2-49,page7-146
59,4,page2-172,page4-203,page3-44
59,5,page1-66,page7-241,page9-27
59,6,page5-209,page6-155,page5-229
59,7,page-G,page3-163,page-B
59,8,page6-163,page2-88,page8-188
59,9,page5-0,page5-0,page5-0
60,0,page4-177,page7-236,page2-155
60,1,page5-87,page1-25,page8-240
60,2,page6-177,page5-178,page2-143
60,3,page2-134,page7-209,page5-37
60,4,page4-56,page4-11,page2-145
60,5,page4-73,page7-145,page7-217
60,6,page5-217,page6-38,page5-183
60,7,page9-20,page3-135,page2-48
60,8,page6-163,page2-88,page8-188
60,9,page3-120,page3-120,page3-120
61,0,page6-155,page6-164,page6-83
61,1,page3-60,page1-76,page1-186
61,2,page7-194,page1-52,page1-88
61,3,page7-47,page6-100,page7-5
61,4,page4-118,page3-35,page8-201
61,5,page6-9,page7-8,page3-182
61,6,page8-180,page7-40,page9-11
61,7,page9-14,page1-129,page4-93
61,8,page5-89,page7-70,page7-79
61,9,page5-128,page5-128,page5-128
62,0,page4-177,page7-236,page2-155
62,1,page3-60,page1-76,page1-186
62,2,page1-168,page4-247,page2-34
62,3,page8-215,page3-43,page4-220
62,4,page7-47,page2-17,page4-161
62,5,page2-189,page6-13,page4-140
62,6,page2-91,page2-88,page5-49
62,7,page6-21,page6-234,page6-72
62,8,page2-157,page6-207,page4-229
62,9,page3-130,page3-130,page3-130
63,0,page6-83,page6-164,page6-155
63,1,page2-54,page1-76,page3-60
63,2,page8-246,page6-94,page8-63
63,3,page6-71,page7-4,page5-104
63,4,page2-20,page1-94,page2-21
63,5,page1-31,page5-40,page2-4
63,6,page7-41,page6-34,page2-47
63,7,page1-63,page4-13,page3-201
63,8,page8-184,page7-205,page7-36
63,9,page3-120,page3-120,page3-120
64,0,page1-125,page3-8,page5-134
64,1,page4-192,page3-141,page4-194
64,2,page4-66,page4-81,page4-64
64,3,page7-58,page2-108,page7-28
64,4,page4-74,page3-191,page6-208
64,5,page1-133,page5-248,page5-232
64,6,page1-13,page2-86,page7-253
64,7,page4-227,page8-204,page6-158
64,8,page2-166,page9-13,page7-17
64,9,page1-56,page1-56,page1-56
65,0,page6-155,page6-164,page6-83
65,1,page5-248,page6-122,page1-133
65,2,page1-168,page4-247,page2-36
65,3,page4-118,page1-183,page3-35
65,4,page2-107,page6-73,page1-130
65,5,page5-154,page2-157,page6-207
65,6,page5-210,page6-9,page5-132
65,7,page1-0,page4-150,page5-18
65,8,page5-89,page7-70,page7-79
65,9,page2-65,page2-65,page2-65
66,0,page3-95,page3-131,page3-71
66,1,page8-240,page6-83,page5-87
66,2,page6-23,page4-79,page5-246
66,3,page5-107,page7-88,page5-71
66,4,page5-123,page9-7,page5-106
66,5,page3-14,page8-20,page1-40
66,6,page9-36,page7-103,page7-112
66,7,page4-212,page2-24,page7-252
66,8,page7-46,page6-52,page9-34
66,9,page7-71,page7-71,page7-71
67,0,page6-83,page6-164,page6-155
67,1,page5-84,page1-168,page8-192
67,2,page4-66,page4-81,page4-64
67,3,page1-51,page7-84,page1-48
67,4,page3-157,page3-41,page7-85
67,5,page3-122,page1-26,page4-235
67,6,page2-146,page3-4,page9-29
67,7,page5-106,page4-192,page-C
67,8,page2-157,page6-207,page4-229
67,9,page6-140,page6-140,page6-140
68,0,page5-122,page2-39,page1-148
68,1,page8-160,page9-20,page9-16
68,2,page1-118,page1-66,page1-113
68,3,page7-5,page4-161,page7-47
68,4,page1-185,page7-241,page7-157
68,5,page8-195,page3-95,page7-149
68,6,page9-11,page8-8,page8-180
68,7,page6-216,page5-0,page3-23
68,8,page5-162,page6-114,page4-169
68,9,page5-200,page5-200,page5-200
69,0,page1-103,page1-66,page1-69
69,1,page5-96,page5-85,page5-80
69,2,page5-246,page4-16,page6-23
69,3,page1-112,page6-202,page3-38
69,4,page7-188,page8-215,page8-179
69,5,page3-163,page1-44,page5-6
69,6,page6-231,page5-232,page5-160
69,7,page5-106,page4-192,page-C
69,8,page6-201,page1-162,page6-245
69,9,page9-4,page9-4,page9-4
70,0,page3-66,page6-121,page4-156
70,1,page4-194,page9-38,page4-192
70,2,page8-222,page5-60,page5-57
70,3,page3-38,page1-159,page1-112
70,4,page1-10,page4-227,page7-154
70,5,page4-33,page5-213,page4-9
70,6,page3-61,page7-242,page2-80
70,7,page6-163,page8-157,page6-219
70,8,page6-201,page1-162,page6-245
70,9,page7-88,page7-88,page7-88
71,0,page6-83,page6-164,page6-155
71,1,page4-130,page7-133,page3-29
71,2,page8-152,page6-171,page6-186
71,3,page5-45,page4-161,page2-17
71,4,page1-10,page4-227,page7-154
71,5,page1-54,page1-37,page1-165
71,6,page7-132,page4-127,page8-174
71,7,page8-158,page4-93,page9-14
71,8,page5-89,page7-70,page7-79
71,9,page7-80,page7-80,page7-80
72,0,page6-83,page6-164,page6-155
72,1,page5-87,page1-25,page8-240
72,2,page2-70,page2-65,page2-72
72,3,page5-45,page4-161,page2-17
72,4,page4-51,page5-249,page4-22
72,5,page7-158,page7-33,page8-77
72,6,page5-186,page3-168,page7-246
72,7,page4-212,page2-24,page7-252
72,8,page1-5,page7-85,page6-198
72,9,page1-49,page1-49,page1-49
73,0,page1-90,page2-131,page2-157
73,1,page3-56,page5-33,page4-239
73,2,page8-222,page5-60,page5-57
73,3,page8-215,page3-43,page4-220
73,4,page2-172,page4-203,page3-44
73,5,page5-64,page5-155,page5-65
73,6,page5-186,page3-168,page7-246
73,7,page6-130,page3-92,page2-136
73,8,page8-184,page7-205,page7-36
73,9,page5-102,page5-102,page5-102
74,0,page3-207,page6-171,page4-16
74,1,page2-39,page5-95,page4-142
74,2,page1-162,page5-128,page6-168
74,3,page6-135,page4-110,page2-19
74,4,page3-129,page5-215,page8-207
74,5,page6-70,page5-213,page4-65
74,6,page2-152,page5-178,page4-59
74,7,page1-63,page1-55,page6-113
74,8,page7-17,page3-124,page2-166
74,9,page8-39,page8-39,page8-39
75,0,page6-181,page6-179,page6-173
75,1,page3-47,page7-28,page7-58
75,2,page3-25,page9-42,page1-150
75,3,page2-37,page1-3,page1-171
75,4,page1-6,page7-133,page2-190
75,5,page6-107,page1-79,page6-231
75,6,page1-157,page7-244,page2-23
75,7,page8-72,page2-59,page3-174
75,8,page7-241,page3-45,page6-162
75,9,page3-23,page3-23,page3-23
76,0,page5-134,page3-8,page1-125
76,1,page4-96,page1-178,page4-97
76,2,page7-34,page6-86,page8-235
76,3,page2-19,page4-110,page6-135
76,4,page2-159,page7-32,page5-151
76,5,page7-8,page6-34,page3-26
76,6,page3-85,page9-38,page3-86
76,7,page6-149,page5-71,page7-111
76,8,page3-37,page9-23,page1-73
76,9,page1-69,page1-69,page1-69
77,0,page3-66,page6-121,page4-156
77,1,page7-39,page7-35,page7-41
77,2,page8-204,page8-65,page8-2
77,3,page8-63,page6-96,page6-94
77,4,page8-85,page7-106,page5-94
77,5,page2-74,page2-67,page8-142
77,6,page9-7,page5-123,page5-72
77,7,page4-194,page3-153,page4-204
77,8,page5-89,page7-70,page7-79
77,9,page5-179,page5-179,page5-179
78,0,page1-103,page1-66,page1-69
78,1,page4-11,page7-224,page7-86
78,2,page7-102,page7-229,page6-38
78,3,page5-199,page3-43,page8-11
78,4,page3-207,page7-37,page5-238
78,5,page4-118,page1-68,page9-23
78,6,page2-176,page8-157,page9-15
78,7,page3-188,page1-175,page7-169
78,8,page2-157,page6-207,page4-229
78,9,page8-30,page8-30,page8-30
79,0,page6-155,page6-164,page6-83
79,1,page4-11,page7-224,page7-86
79,2,page1-88,page8-72,page7-194
79,3,page7-37,page6-196,page4-20
79,4,page3-54,page1-3,page1-142
79,5,page6-240,page1-130,page6-73
79,6,page4-64,page3-156,page4-86
79,7,page7-14,page1-47,page5-188
79,8,page6-201,page1-162,page6-245
79,9,page7-41,page7-41,page7-41
80,0,page2-157,page2-131,page1-90
80,1,page3-29,page6-100,page4-130
80,2,page2-165,page1-108,page1-156
80,3,page5-71,page7-88,page5-107
80,4,page8-18,page8-204,page7-65
80,5,page1-26,page1-82,page1-42
80,6,page6-209,page5-81,page6-82
80,7,page5-123,page8-22,page6-80
80,8,page2-166,page9-13,page7-17
80,9,page6-171,page6-171,page6-171
81,0,page5-122,page2-39,page1-148
81,1,page4-16,page6-172,page6-171
81,2,page4-47,page2-139,page2-148
81,3,page7-145,page7-106,page2-79
81,4,page2-137,page4-188,page7-57
81,5,page4-30,page4-90,page7-95
81,6,page7-254,page8-244,page6-210
81,7,page7-107,page7-133,page7-109
81,8,page2-157,page6-207,page4-229
81,9,page4-89,page4-89,page4-89
82,0,page2-157,page2-131,page1-90
82,1,page5-56,page5-57,page5-59
82,2,page7-34,page6-86,page8-235
82,3,page2-182,page2-0,page1-97
82,4,page2-106,page3-135,page1-95
82,5,page1-150,page3-26,page3-128
82,6,page2-90,page8-20,page5-38
82,7,page7-33,page6-75,page6-205
82,8,page5-162,page6-114,page4-169
82,9,page4-233,page4-233,page4-233
83,0,page4-16,page4-89,page3-207
83,1,page4-247,page6-83,page9-32
83,2,page6-177,page5-178,page2-143
83,3,page3-47,page7-143,page1-47
83,4,page3-180,page6-149,page4-180
83,5,page8-244,page6-106,page6-99
83,6,page7-165,page9-11,page2-85
83,7,page1-36,page6-239,page7-147
83,8,page6-163,page2-88,page8-188
83,9,page3-32,page3-32,page3-32
84,0,page5-122,page2-39,page1-148
84,1,page8-234,page4-247,page1-168
84,2,page8-222,page5-60,page5-57
84,3,page1-150,page1-66,page9-42
84,4,page4-47,page2-148,page4-52
84,5,page5-216,page6-184,page6-175
84,6,page1-30,page5-45,page4-248
84,7,page9-41,page3-33,page5-167
84,8,page4-157,page4-214,page7-191
84,9,page9-35,page9-35,page9-35
85,0,page2-155,page7-236,page4-177
85,1,page4-96,page1-178,page4-97
85,2,page7-24,page4-242,page1-129
85,3,page1-105,page1-125,page5-74
85,4,page8-215,page7-23,page7-249
85,5,page3-195,page7-10,page3-32
85,6,page2-152,page5-178,page4-59
85,7,page6-202,page5-99,page3-189
85,8,page2-173,page3-70,page2-133
85,9,page2-129,page2-129,page2-129
86,0,page2-155,page7-236,page4-177
86,1,page7-96,page1-49,page7-105
86,2,page1-45,page1-85,page7-16
86,3,page8-11,page3-43,page5-199
86,4,page4-180,page7-88,page2-24
86,5,page7-4,page5-145,page7-10
86,6,page8-180,page7-40,page9-11
86,7,page4-135,page7-197,page7-92
86,8,page3-193,page2-21,page5-220
86,9,page4-220,page4-220,page4-220
87,0,page3-207,page6-171,page4-16
87,1,page7-58,page1-47,page3-47
87,2,page5-193,page1-38,page1-5
87,3,page2-158,page1-25,page3-31
87,4,page8-215,page7-23,page7-249
87,5,page7-28,page6-142,page1-0
87,6,page8-203,page7-76,page5-143
87,7,page4-142,page3-171,page4-201
87,8,page3-193,page2-21,page5-220
87,9,page7-247,page7-247,page7-247
88,0,page5-134,page3-8,page1-125
88,1,page4-194,page9-38,page4-192
88,2,page1-79,page3-3,page5-147
88,3,page8-153,page8-58,page8-147
88,4,page4-47,page-L,page8-54
88,5,page4-243,page4-203,page6-137
88,6,page2-39,page7-155,page8-230
88,7,page6-163,page8-157,page6-219
88,8,page7-46,page6-52,page9-34
88,9,page7-185,page7-185,page7-185
89,0,page5-134,page3-8,page1-125
89,1,page1-114,page1-118,page3-34
89,2,page7-122,page5-244,page5-207
89,3,page4-64,page5-247,page4-81
89,4,page3-129,page5-215,page8-207
89,5,page1-54,page1-37,page1-165
89,6,page3-24,page4-140,page6-13
89,7,page4-214,page6-234,page4-197
89,8,page7-17,page3-124,page2-166
89,9,page8-153,page8-153,page8-153
90,0,page1-148,page6-9,page5-122
90,1,page2-54,page1-76,page3-60
90,2,page2-72,page7-76,page2-65
90,3,page5-63,page1-16,page6-106
90,4,page6-124,page2-103,page2-105
90,5,page4-214,page3-41,page7-247
90,6,page7-22,page1-118,page6-221
90,7,page4-194,page4-192,page4-193
90,8,page2-145,page6-164,page6-92
90,9,page2-124,page2-124,page2-124
91,0,page6-181,page6-179,page6-173
91,1,page6-155,page6-83,page6-164
91,2,page1-162,page5-128,page6-168
91,3,page2-134,page7-209,page5-37
91,4,page2-138,page5-57,page9-43
91,5,page4-148,page5-33,page2-16
91,6,page7-233,page4-214,page3-59
91,7,page5-106,page4-192,page-C
91,8,page5-162,page6-114,page4-169
91,9,page6-159,page6-159,page6-159
92,0,page1-125,page3-8,page5-134
92,1,page6-192,page4-20,page6-196
92,2,page4-16,page3-207,page4-89
92,3,page1-171,page2-54,page2-37
92,4,page7-16,page1-83,page1-85
92,5,page4-127,page4-213,page5-105
92,6,page5-252,page5-219,page3-133
92,7,page3-168,page4-147,page3-57
92,8,page6-163,page2-88,page8-188
92,9,page5-106,page5-106,page5-106
93,0,page1-69,page1-66,page1-103
93,1,page4-3,page9-33,page3-203
93,2,page1-156,page1-108,page2-165
93,3,page2-19,page4-110,page6-135
93,4,page3-207,page7-37,page5-238
93,5,page4-233,page1-113,page7-166
93,6,page6-93,page6-108,page6-60
93,7,page4-214,page6-234,page4-197
93,8,page6-163,page2-88,page8-188
93,9,page7-130,page7-130,page7-130
94,0,page4-177,page7-236,page2-155
94,1,page4-97,page4-95,page4-96
94,2,page2-72,page7-76,page2-65
94,3,page4-11,page8-56,page4-34
94,4,page7-194,page2-59,page8-72
94,5,page1-79,page3-101,page5-44
94,6,page7-106,page7-220,page9-35
94,7,page9-14,page1-129,page4-93
94,8,page6-201,page1-162,page6-245
94,9,page2-88,page2-88,page2-88
95,0,page1-69,page1-66,page1-103
95,1,page7-96,page1-49,page7-105
95,2,page5-84,page9-32,page5-86
95,3,page2-79,page8-189,page7-145
95,4,page6-168,page1-96,page5-128
95,5,page6-202,page6-50,page1-63
95,6,page5-210,page6-9,page5-132
95,7,page5-123,page8-22,page6-80
95,8,page1-5,page7-85,page6-198
95,9,page6-192,page6-192,page6-192
96,0,page4-16,page4-89,page3-207
96,1,page4-192,page3-141,page4-194
96,2,page7-165,page7-103,page7-26
96,3,page1-90,page2-157,page2-131
96,4,page3-56,page4-239,page2-126
96,5,page1-129,page4-241,page4-242
96,6,page5-38,page7-32,page2-90
96,7,page5-65,page2-186,page6-218
96,8,page7-17,page3-124,page2-166
96,9,page8-249,page8-249,page8-249
97,0,page4-177,page7-236,page2-155
97,1,page1-79,page5-155,page9-31
97,2,page5-252,page3-205,page4-5
97,3,page4-220,page7-130,page8-215
97,4,page2-106,page3-135,page1-95
97,5,page6-202,page6-50,page1-63
97,6,page1-10,page2-67,page3-143
97,7,page1-36,page6-239,page7-147
97,8,page3-122,page5-220,page3-193
97,9,page6-200,page6-200,page6-200
98,0,page7-15,page5-57,page5-58
98,1,page6-196,page6-172,page6-192
98,2,page6-38,page7-229,page7-102
98,3,page1-112,page6-202,page3-38
98,4,page1-185,page7-241,page7-157
98,5,page7-166,page1-113,page4-233
98,6,page9-44,page5-49,page2-88
98,7,page1-63,page1-55,page6-113
98,8,page2-157,page6-207,page4-229
98,9,page8-11,page8-11,page8-11
99,0,page3-66,page6-121,page4-156
99,1,page2-54,page1-76,page3-60
99,2,page1-118,page1-66,page1-113
99,3,page3-205,page7-248,page6-184
99,4,page4-96,page4-188,page4-95
99,5,page5-33,page1-70,page2-101
99,6,page8-218,page8-16,page7-245
99,7,page4-194,page4-192,page4-193
99,8,page7-17,page3-124,page2-166
99,9,page8-58,page8-58,page8-58
100,0,page3-207,page6-171,page4-16
100,1,page3-29,page6-100,page4-130
100,2,page7-122,page4-24,page4-17
100,3,page3-20,page1-96,page2-32
100,4,page7-61,page5-181,page5-175
100,5,page3-167,page1-72,page2-188
100,6,page1-185,page1-69,page6-224
100,7,page3-33,page4-183,page6-43
100,8,page6-201,page1-162,page6-245
100,9,page1-33,page1-33,page1-33
101,0,page5-134,page3-8,page1-125
101,1,page7-41,page7-35,page7-39
101,2,page2-65,page2-72,page7-76
101,3,page5-193,page7-45,page4-232
101,4,page2-67,page-K,page-I
101,5,page2-4,page2-61,page1-31
101,6,page4-74,page7-149,page7-196
101,7,page1-147,page1-51,page3-99
101,8,page2-166,page9-13,page7-17
101,9,page1-88,page1-88,page1-88
102,0,page3-66,page6-121,page4-156
102,1,page7-41,page7-35,page7-39
102,2,page4-16,page8-143,page8-58
102,3,page7-76,page3-129,page8-203
102,4,page6-181,page6-179,page6-180
102,5,page8-244,page6-106,page6-99
102,6,page2-146,page3-4,page9-29
102,7,page1-36,page6-239,page7-147
102,8,page2-157,page6-207,page4-229
102,9,page5-75,page5-75,page5-75
103,0,page1-125,page3-8,page5-134
103,1,page7-39,page7-35,page7-41
103,2,page2-72,page7-76,page2-65
103,3,page6-52,page8-235,page7-172
103,4,page6-27,page1-77,page7-216
103,5,page4-237,page7-255,page1-7
103,6,page4-74,page7-149,page7-196
103,7,page5-106,page4-192,page-C
103,8,page6-201,page1-162,page6-245
103,9,page6-218,page6-218,page6-218
104,0,page3-71,page5-60,page3-95
104,1,page2-39,page5-95,page4-142
104,2,page8-218,page7-23,page7-136
104,3,page8-236,page8-215,page7-188
104,4,page3-129,page5-215,page8-207
104,5,page7-158,page7-33,page8-77
104,6,page4-243,page7-18,page4-208
104,7,page4-135,page7-197,page7-92
104,8,page5-162,page6-114,page4-169
104,9,page6-181,page6-181,page6-181
105,0,page6-181,page6-173,page6-179
105,1,page4-239,page5-33,page3-56
105,2,page5-84,page9-32,page5-86
105,3,page8-236,page7-126,page8-18
105,4,page5-191,page1-183,page3-170
105,5,page8-244,page6-106,page6-99
105,6,page5-80,page8-38,page1-107
105,7,page8-147,page-G,page-F
105,8,page5-89,page7-70,page7-79
105,9,page8-56,page8-56,page8-56
106,0,page6-179,page6-173,page6-181
106,1,page3-198,page7-86,page4-11
106,2,page1-168,page4-247,page2-34
106,3,page5-60,page5-57,page2-138
106,4,page5-246,page4-33,page4-10
106,5,page2-54,page7-28,page7-115
106,6,page7-201,page6-50,page5-101
106,7,page8-147,page-G,page-F
106,8,page3-193,page2-21,page5-220
106,9,page1-77,page1-77,page1-77
107,0,page5-81,page5-87,page4-92
107,1,page8-249,page6-86,page8-247
107,2,page1-79,page9-31,page5-176
107,3,page3-205,page7-248,page6-184
107,4,page3-21,page1-36,page2-100
107,5,page5-65,page5-155,page5-64
107,6,page8-199,page2-61,page6-165
107,7,page1-63,page4-13,page3-201
107,8,page5-89,page7-70,page7-79
107,9,page6-6,page6-6,page6-6
108,0,page4-92,page5-87,page5-81
108,1,page5-59,page7-15,page5-56
108,2,page1-122,page6-128,page4-244
108,3,page4-118,page1-183,page3-35
108,4,page3-180,page6-149,page4-180
108,5,page1-66,page7-241,page9-27
108,6,page7-136,page7-249,page6-206
108,7,page7-107,page7-133,page7-109
108,8,page9-15,page7-17,page8-156
108,9,page4-47,page4-47,page4-47
109,0,page6-181,page6-173,page6-179
109,1,page3-60,page1-76,page1-186
109,2,page2-172,page4-212,page4-203
109,3,page5-211,page1-137,page5-165
109,4,page6-94,page2-39,page5-102
109,5,page7-73,page6-160,page6-123
109,6,page7-201,page6-50,page5-101
109,7,page6-97,page5-151,page6-226
109,8,page2-145,page6-164,page6-92
109,9,page6-185,page6-185,page6-185
110,0,page7-15,page5-57,page5-58
110,1,page8-192,page5-86,page5-84
110,2,page1-168,page4-247,page2-36
110,3,page3-17,page3-12,page1-26
110,4,page8-56,page6-78,page6-70
110,5,page2-156,page6-234,page7-226
110,6,page7-65,page8-215,page7-55
110,7,page9-20,page3-135,page2-48
110,8,page5-89,page7-70,page7-79
110,9,page3-33,page3-33,page3-33
111,0,page4-16,page4-89,page3-207
111,1,page2-54,page1-76,page3-60
111,2,page8-152,page6-171,page6-186
111,3,page8-18,page7-188,page8-236
111,4,page8-85,page6-140,page7-220
111,5,page1-133,page5-248,page5-232
111,6,page1-34,page4-215,page5-26
111,7,page6-208,page7-127,page8-22
111,8,page9-15,page7-17,page8-156
111,9,page5-121,page5-121,page5-121
112,0,page4-16,page4-89,page3-207
112,1,page1-168,page8-192,page8-234
112,2,page1-122,page6-128,page4-244
112,3,page5-74,page5-233,page1-105
112,4,page7-194,page8-72,page7-202
112,5,page1-151,page1-129,page4-113
112,6,page7-136,page7-249,page6-206
112,7,page2-80,page6-117,page7-242
112,8,page2-173,page3-70,page2-133
112,9,page7-122,page7-122,page7-122
113,0,page5-58,page5-56,page7-15
113,1,page9-16,page8-169,page8-160
113,2,page4-16,page3-207,page4-89
113,3,page5-211,page1-137,page5-165
113,4,page6-94,page8-63,page6-160
113,5,page6-22,page7-229,page5-173
113,6,page5-80,page8-38,page1-107
113,7,page3-188,page1-175,page7-169
113,8,page9-15,page7-17,page8-156
113,9,page4-24,page4-24,page4-24
114,0,page3-95,page3-131,page3-71
114,1,page8-249,page6-86,page8-247
114,2,page1-16,page6-106,page5-63
114,3,page8-63,page8-2,page7-73
114,4,page2-21,page7-10,page2-20
114,5,page1-133,page5-248,page5-232
114,6,page7-65,page8-215,page7-55
114,7,page3-168,page4-147,page3-57
114,8,page5-89,page7-70,page7-79
114,9,page3-124,page3-124,page3-124
115,0,page4-16,page4-89,page3-207
115,1,page5-96,page5-85,page5-80
115,2,page5-252,page4-5,page5-174
115,3,page3-35,page8-201,page4-118
115,4,page5-247,page8-152,page5-213
115,5,page1-69,page1-9,page4-103
115,6,page2-4,page5-157,page5-40
115,7,page1-147,page1-51,page3-99
115,8,page5-89,page7-70,page7-79
115,9,page-K,page-K,page-K
116,0,page6-83,page6-164,page6-155
116,1,page4-238,page6-202,page4-237
116,2,page1-168,page4-244,page7-113
116,3,page8-153,page8-58,page8-147
116,4,page6-94,page8-63,page6-160
116,5,page2-37,page9-31,page5-43
116,6,page1-30,page5-45,page4-248
116,7,page6-208,page7-127,page8-22
116,8,page5-89,page7-70,page7-79
116,9,page8-38,page8-38,page8-38
117,0,page1-90,page2-131,page2-157
117,1,page5-248,page6-122,page1-133
117,2,page4-5,page3-207,page3-205
117,3,page2-79,page8-189,page7-145
117,4,page1-157,page6-13,page3-24
117,5,page3-70,page6-115,page5-153
117,6,page1-34,page4-215,page5-26
117,7,page4-157,page6-149,page3-120
117,8,page2-166,page9-13,page7-17
117,9,page5-99,page5-99,page5-99
118,0,page6-155,page6-164,page6-83
118,1,page5-45,page2-17,page3-124
118,2,page8-152,page6-171,page6-186
118,3,page8-56,page4-16,page6-78
118,4,page2-107,page6-73,page1-130
118,5,page7-4,page5-145,page7-10
118,6,page1-34,page4-215,page5-26
118,7,page8-147,page-G,page-F
118,8,page4-157,page4-214,page7-191
118,9,page3-205,page3-205,page3-205
119,0,page1-69,page1-66,page1-103
119,1,page3-60,page1-76,page2-54
119,2,page5-96,page5-80,page5-85
119,3,page3-17,page1-36,page1-132
119,4,page6-94,page8-63,page6-160
119,5,page3-70,page6-115,page5-153
119,6,page7-121,page7-69,page7-205
119,7,page8-147,page-G,page-F
119,8,page7-46,page6-52,page9-34
119,9,page5-120,page5-120,page5-120
120,0,page1-148,page6-9,page5-122
120,1,page4-142,page7-23,page2-39
120,2,page1-156,page1-108,page2-165
120,3,page8-63,page8-2,page7-73
120,4,page2-100,page8-176,page3-21
120,5,page5-216,page6-184,page6-175
120,6,page2-164,page4-230,page6-31
120,7,page3-206,page6-142,page8-190
120,8,page1-85,page7-185,page7-234
120,9,page8-179,page8-179,page8-179
121,0,page1-69,page1-66,page1-103
121,1,page5-56,page5-57,page5-59
121,2,page3-3,page1-79,page3-101
121,3,page5-74,page5-233,page1-105
121,4,page1-185,page7-241,page7-157
121,5,page7-73,page6-160,page6-123
121,6,page1-34,page4-215,page5-26
121,7,page4-142,page3-171,page4-201
121,8,page5-89,page7-70,page7-79
121,9,page2-34,page2-34,page2-34
122,0,page4-16,page4-89,page3-207
122,1,page8-192,page5-86,page5-84
122,2,page7-165,page7-103,page7-26
122,3,page4-220,page7-130,page8-215
122,4,page1-142,page1-168,page3-54
122,5,page2-54,page7-28,page7-115
122,6,page6-199,page3-67,page3-69
122,7,page1-63,page4-13,page3-201
122,8,page5-89,page7-70,page7-79
122,9,page6-205,page6-205,page6-205
123,0,page4-16,page4-89,page3-207
123,1,page5-248,page6-122,page1-133
123,2,page6-38,page7-229,page7-102
123,3,page5-71,page2-170,page5-145
123,4,page7-40,page8-165,page7-135
123,5,page9-40,page2-188,page1-72
123,6,page8-20,page9-36,page9-39
123,7,page8-147,page-G,page-F
123,8,page7-46,page6-52,page9-34
123,9,page7-115,page7-115,page7-115
124,0,page3-71,page5-60,page3-95
124,1,page7-39,page7-35,page7-41
124,2,page1-65,page1-29,page1-110
124,3,page7-23,page8-165,page8-8
124,4,page3-199,page5-99,page8-38
124,5,page3-70,page6-115,page5-153
124,6,page1-34,page4-215,page5-26
124,7,page-G,page3-163,page-B
124,8,page5-89,page7-70,page7-79
124,9,page4-239,page4-239,page4-239
125,0,page5-58,page5-56,page7-15
125,1,page1-168,page8-192,page8-234
125,2,page1-122,page6-128,page4-244
125,3,page7-80,page7-88,page7-183
125,4,page7-157,page6-224,page1-185
125,5,page1-66,page7-241,page9-27
125,6,page8-213,page4-142,page7-164
125,7,page7-219,page5-85,page8-217
125,8,page7-46,page6-52,page9-34
125,9,page5-84,page5-84,page5-84
126,0,page5-58,page5-56,page7-15
126,1,page4-247,page6-83,page9-32
126,2,page8-222,page5-60,page5-57
126,3,page8-182,page4-142,page8-176
126,4,page4-47,page-L,page8-54
126,5,page6-164,page7-257,page7-67
126,6,page8-20,page9-36,page9-39
126,7,page8-147,page-G,page-F
126,8,page2-166,page9-13,page7-17
126,9,page8-236,page8-236,page8-236
127,0,page4-16,page4-89,page3-207
127,1,page3-34,page1-118,page1-114
127,2,page8-246,page6-94,page8-63
127,3,page6-124,page7-88,page7-4
127,4,page3-199,page5-99,page8-38
127,5,page2-54,page7-28,page7-115
127,6,page9-39,page6-121,page8-20
127,7,page6-50,page6-96,page7-251
127,8,page2-173,page3-70,page2-133
127,9,page7-35,page7-35,page7-35
128,0,page4-16,page4-89,page3-207
128,1,page5-80,page5-85,page5-96
128,2,page7-26,page7-103,page7-165
128,3,page2-79,page8-189,page7-145
128,4,page3-54,page1-3,page1-142
128,5,page1-112,page5-36,page1-159
128,6,page4-97,page5-37,page1-178
128,7,page6-208,page7-127,page8-22
128,8,page5-162,page6-114,page4-169
128,9,page5-71,page5-71,page5-71
129,0,page5-58,page5-56,page7-15
129,1,page7-39,page7-35,page7-41
129,2,page5-84,page9-32,page5-86
129,3,page8-18,page8-236,page7-126
129,4,page4-47,page-L,page8-54
129,5,page1-31,page5-40,page2-4
129,6,page2-182,page7-247,page5-182
129,7,page8-147,page-G,page-F
129,8,page2-145,page6-164,page6-92
129,9,page7-132,page7-132,page7-132
130,0,page6-181,page6-179,page6-173
130,1,page5-59,page7-15,page5-56
130,2,page9-31,page1-79,page5-155
130,3,page5-60,page5-57,page2-138
130,4,page8-204,page8-65,page7-127
130,5,page1-133,page5-248,page5-232
130,6,page1-34,page4-215,page5-26
130,7,page1-63,page4-13,page3-201
130,8,page2-166,page9-13,page7-17
130,9,page1-40,page1-40,page1-40
131,0,page4-16,page4-89,page3-207
131,1,page1-168,page8-192,page8-234
131,2,page5-96,page5-80,page5-85
131,3,page6-86,page8-235,page8-248
131,4,page6-94,page2-39,page5-102
131,5,page6-1,page5-25,page4-166
131,6,page2-164,page4-230,page6-31
131,7,page9-20,page3-135,page2-48
131,8,page3-37,page9-23,page1-73
131,9,page8-182,page8-182,page8-182
132,0,page1-125,page3-8,page5-134
132,1,page2-59,page1-88,page2-174
132,2,page5-246,page4-16,page6-23
132,3,page3-35,page8-201,page4-118
132,4,page3-199,page5-99,page8-38
132,5,page7-73,page6-160,page6-123
132,6,page2-146,page3-4,page9-29
132,7,page8-147,page-G,page-F
132,8,page5-89,page7-70,page7-79
132,9,page6-83,page6-83,page6-83
133,0,page5-58,page5-56,page7-15
133,1,page4-142,page7-23,page2-39
133,2,page1-156,page1-108,page2-165
133,3,page2-79,page8-189,page7-145
133,4,page6-5,page6-181,page3-163
133,5,page3-165,page8-39,page6-111
133,6,page1-34,page4-215,page5-26
133,7,page6-21,page6-234,page6-72
133,8,page4-157,page4-214,page7-191
133,9,page6-24,page6-24,page6-24
134,0,page1-90,page2-131,page2-157
134,1,page6-171,page4-16,page6-172
134,2,page9-31,page1-79,page5-155
134,3,page9-32,page6-83,page8-21
134,4,page4-232,page5-187,page7-45
134,5,page9-7,page5-71,page7-101
134,6,page5-37,page5-153,page1-119
134,7,page1-63,page4-13,page3-201
134,8,page5-89,page7-70,page7-79
134,9,page9-39,page9-39,page9-39
135,0,page4-156,page6-121,page3-66
135,1,page4-16,page6-172,page6-171
135,2,page4-66,page4-11,page5-247
135,3,page8-236,page8-215,page7-188
135,4,page3-180,page6-149,page4-180
135,5,page7-73,page6-160,page6-123
135,6,page1-34,page4-215,page5-26
135,7,page8-169,page7-245,page7-97
135,8,page4-157,page4-214,page7-191
135,9,page8-21,page8-21,page8-21
136,0,page4-16,page4-89,page3-207
136,1,page3-198,page7-86,page4-11
136,2,page7-122,page4-24,page4-17
136,3,page5-71,page2-170,page5-145
136,4,page4-30,page5-207,page2-146
136,5,page5-216,page6-184,page6-175
136,6,page5-102,page9-20,page2-42
136,7,page1-63,page4-13,page3-201
136,8,page5-89,page7-70,page7-79
136,9,page1-25,page1-25,page1-25
137,0,page3-71,page5-60,page3-95
137,1,page5-45,page2-17,page3-124
137,2,page1-122,page6-128,page4-244
137,3,page4-220,page7-130,page8-215
137,4,page6-176,page3-198,page6-53
137,5,page5-216,page6-184,page6-175
137,6,page4-18,page2-150,page1-78
137,7,page6-208,page7-127,page8-22
137,8,page3-193,page2-21,page5-220
137,9,page2-59,page2-59,page2-59
138,0,page6-181,page6-179,page6-173
138,1,page6-171,page4-16,page6-172
138,2,page1-168,page4-247,page2-36
138,3,page4-220,page7-130,page8-215
138,4,page1-10,page4-227,page7-154
138,5,page8-77,page7-119,page7-158
138,6,page2-164,page4-230,page6-31
138,7,page5-123,page8-22,page6-80
138,8,page6-201,page1-162,page6-245
138,9,page6-160,page6-160,page6-160
139,0,page6-83,page6-164,page6-155
139,1,page7-39,page7-35,page7-41
139,2,page4-16,page3-207,page4-89
139,3,page4-17,page4-18,page4-24
139,4,page3-145,page4-47,page4-55
139,5,page8-244,page6-106,page6-99
139,6,page2-164,page4-230,page6-31
139,7,page6-216,page5-0,page3-23
139,8,page5-89,page7-70,page7-79
139,9,page5-165,page5-165,page5-165
140,0,page5-58,page5-56,page7-15
140,1,page6-192,page4-20,page6-196
140,2,page1-162,page5-128,page6-168
140,3,page1-133,page5-248,page6-122
140,4,page1-6,page7-133,page2-190
140,5,page2-54,page7-28,page7-115
140,6,page2-164,page4-230,page6-31
140,7,page3-191,page1-14,page3-53
140,8,page8-184,page7-205,page7-36
140,9,page3-20,page3-20,page3-20
141,0,page4-16,page4-89,page3-207
141,1,page6-196,page6-172,page6-192
141,2,page5-244,page5-207,page7-122
141,3,page6-52,page8-235,page7-172
141,4,page6-163,page9-44,page4-141
141,5,page7-177,page7-103,page7-137
141,6,page7-28,page7-125,page4-165
141,7,page8-147,page-G,page-F
141,8,page5-89,page7-70,page7-79
141,9,page1-27,page1-27,page1-27
142,0,page4-16,page4-89,page3-207
142,1,page8-249,page6-86,page8-247
142,2,page1-168,page4-247,page2-34
142,3,page2-32,page6-71,page3-20
142,4,page1-50,page6-107,page1-54
142,5,page1-29,page7-61,page2-15
142,6,page8-218,page8-16,page7-245
142,7,page3-33,page4-183,page6-43
142,8,page5-89,page7-70,page7-79
142,9,page2-165,page2-165,page2-165
143,0,page5-58,page5-56,page7-15
143,1,page3-60,page1-76,page1-186
143,2,page6-186,page5-249,page8-152
143,3,page5-71,page2-170,page5-145
143,4,page6-5,page6-181,page3-163
143,5,page3-12,page2-159,page2-124
143,6,page1-34,page4-215,page5-26
143,7,page8-147,page-G,page-F
143,8,page3-122,page5-220,page3-193
143,9,page3-37,page3-37,page3-37
144,0,page1-148,page6-9,page5-122
144,1,page7-105,page3-49,page7-96
144,2,page7-122,page5-207,page5-244
144,3,page1-90,page2-157,page2-131
144,4,page7-157,page6-224,page1-185
144,5,page5-216,page6-184,page6-175
144,6,page6-27,page9-42,page6-16
144,7,page8-147,page-G,page-F
144,8,page6-163,page2-88,page8-188
144,9,page3-163,page3-163,page3-163
145,0,page5-58,page5-56,page7-15
145,1,page4-11,page-D,page3-198
145,2,page6-83,page3-31,page2-158
145,3,page8-169,page9-16,page9-20
145,4,page3-21,page1-36,page2-100
145,5,page1-29,page7-61,page2-15
145,6,page7-136,page7-249,page6-206
145,7,page1-63,page4-13,page3-201
145,8,page3-37,page9-23,page1-73
145,9,page6-192,page6-192,page6-192
146,0,page4-16,page4-89,page3-207
146,1,page5-248,page6-122,page1-133
146,2,page7-41,page1-33,page7-35
146,3,page6-143,page1-10,page7-244
146,4,page8-164,page9-17,page8-166
146,5,page6-137,page4-208,page4-243
146,6,page8-20,page9-36,page9-39
146,7,page9-41,page3-33,page5-167
146,8,page5-89,page7-70,page7-79
146,9,page7-13,page7-13,page7-13
147,0,page4-16,page4-89,page3-207
147,1,page5-96,page5-85,page5-80
147,2,page8-152,page6-171,page6-186
147,3,page1-90,page2-157,page2-131
147,4,page4-47,page-L,page8-54
147,5,page5-216,page6-184,page6-175
147,6,page5-186,page3-168,page7-246
147,7,page1-167,page1-148,page9-25
147,8,page2-145,page6-164,page6-92
147,9,page7-35,page7-35,page7-35
148,0,page5-58,page5-56,page7-15
148,1,page3-203,page3-199,page4-3
148,2,page6-168,page7-23,page1-162
148,3,page4-11,page8-56,page4-34
148,4,page1-185,page7-241,page7-157
148,5,page2-54,page7-28,page7-115
148,6,page7-61,page1-70,page7-72
148,7,page1-63,page4-13,page3-201
148,8,page1-85,page7-185,page7-234
148,9,page3-200,page3-200,page3-200
149,0,page5-58,page5-56,page7-15
149,1,page4-130,page7-133,page3-29
149,2,page1-168,page4-244,page7-113
149,3,page5-37,page4-74,page2-134
149,4,page6-192,page6-180,page6-185
149,5,page7-73,page6-160,page6-123
149,6,page6-210,page6-205,page5-120
149,7,page6-208,page7-127,page8-22
149,8,page5-89,page7-70,page7-79
149,9,page8-236,page8-236,page8-236
150,0,page5-58,page5-56,page7-15
150,1,page4-239,page5-33,page3-56
150,2,page1-168,page4-244,page7-113
150,3,page8-182,page4-142,page8-176
150,4,page7-216,page6-16,page6-27
150,5,page2-61,page6-204,page3-171
150,6,page4-249,page3-55,page1-24
150,7,page1-63,page4-13,page3-201
150,8,page5-89,page7-70,page7-79
150,9,page4-118,page4-118,page4-118
151,0,page7-15,page5-57,page5-58
151,1,page6-192,page4-20,page6-196
151,2,page9-31,page1-79,page5-155
151,3,page1-90,page2-157,page2-131
151,4,page8-204,page8-65,page7-127
151,5,page7-103,page1-128,page8-181
151,6,page8-20,page9-36,page9-39
151,7,page2-176,page9-11,page9-4
151,8,page7-241,page3-45,page6-162
151,9,page2-16,page2-16,page2-16
152,0,page1-125,page3-8,page5-134
152,1,page6-192,page4-20,page6-196
152,2,page7-41,page1-33,page7-35
152,3,page8-11,page5-199,page3-43
152,4,page5-247,page8-152,page5-213
152,5,page8-248,page6-99,page8-244
152,6,page8-20,page9-36,page9-39
152,7,page5-65,page2-186,page6-218
152,8,page5-89,page7-70,page7-79
152,9,page5-142,page5-142,page5-142
153,0,page6-155,page6-164,page6-83
153,1,page5-80,page5-85,page5-96
153,2,page7-41,page1-33,page7-35
153,3,page1-150,page1-66,page9-42
153,4,page3-54,page1-3,page1-142
153,5,page2-189,page6-13,page4-140
153,6,page1-34,page4-215,page5-26
153,7,page1-63,page4-13,page3-201
153,8,page1-5,page7-85,page6-198
153,9,page2-131,page2-131,page2-131
154,0,page4-16,page4-89,page3-207
154,1,page1-114,page1-118,page3-34
154,2,page5-252,page3-205,page4-5
154,3,page5-123,page8-175,page9-7
154,4,page5-147,page7-216,page1-77
154,5,page7-4,page5-145,page7-10
154,6,page6-27,page9-42,page6-16
154,7,page8-147,page-G,page-F
154,8,page5-89,page7-70,page7-79
154,9,page5-198,page5-198,page5-198
